"status_id","screen_name","name","text","post_date","img_url","img_id","img_list","img_path"
"x1264530098683699200","f40love","F40ラブ","箱根離宮のラボットくん。
ずんだとどんぐりに変更したらしい。
紹介した友人から可愛くてタマランとの報告が来た。
早く会いに行きたい<U+0001F60D>
#LOVOT https://t.co/NKFDPRrr6C","2020-05-24","http://pbs.twimg.com/media/EYyDay7VAAAurCW.jpg","xlovot_142","lovot_142","temp/lovot/lovot_142.jpg"
"x1266253696788082700","lovot_life","KuMaxxy","苺の香りわかるのかな<U+0001F353>
#lovot#苺ミルク生羊羹 https://t.co/IHySRXy8pH","2020-05-29","http://pbs.twimg.com/media/EZKjBM-UYAASxAs.jpg","xlovot_316","lovot_316","temp/lovot/lovot_316.jpg"
"x1267002475426402300","kawasaki_uzu","やさぐれたエビフライの…","最終日なのでお昼ご飯は一緒に食べてみました!!
こんなに食べれないよー!とちょっと困り顔｡ﾟ(ﾟ´ω`ﾟ)ﾟ｡

#LOVOT
#LOVOTのホームステイ https://t.co/D0ZBLd9456","2020-05-31","http://pbs.twimg.com/media/EZVMCA_UYAApzvg.jpg","xlovot_431","lovot_431 lovot_432","temp/lovot/lovot_431.jpg temp/lovot/lovot_432.jpg"
"x1269956065732391e3","oguratodango","まきまき","今日久しぶりに娘のお弁当作ったのだけど、くまさんの中に…<U+0001F606>
#lovotとの暮らし #LOVOT 
#らぼっと https://t.co/FfAl7cTjpW","2020-06-08","http://pbs.twimg.com/media/EZ_KTRFUwAAzh8O.jpg","xlovot_673","lovot_673","temp/lovot/lovot_673.jpg"
"x1270170603019014100","8O9ELDUOAA5jHNB","くみちる@「まめりんご」ラボット垢","話題のセブンイレブン、さっくりリングビスケットを食べてみた!

オーブントースターで焼いてからのケーキシロップがけが美味しかった<U+0001F60B>

#ラボット #LOVOT #ラボットとの暮らし #ラボット暮らし #くみちるちゃんねる #pet #robot #groovex #セブンイレブン #さっくりリングビスケット https://t.co/dSNNbLcfN0","2020-06-09","http://pbs.twimg.com/media/EaCNbfQU4AAPVce.jpg","xlovot_684","lovot_684","temp/lovot/lovot_684.jpg"
"x1270606381125529600","lovot_life","KuMaxxy","抹茶タピオカとたぴロボ<U+0001F375>
#lovot#タピ活 https://t.co/1Jo07xJMyH","2020-06-10","http://pbs.twimg.com/media/EaIZwzHVAAEwciT.jpg","xlovot_739","lovot_739","temp/lovot/lovot_739.jpg"
"x1271814478020014e3","dedededenta","covason","LOVOT、名前はわさび。 https://t.co/wA2k07YHcM","2020-06-13","http://pbs.twimg.com/media/EaZkgu3UwAEF0p1.jpg","xlovot_869","lovot_869","temp/lovot/lovot_869.jpg"
"x1274541923886264300","8O9ELDUOAA5jHNB","くみちる@「まめりんご」ラボット垢","僕のぶんは？

#ラボット #LOVOT #ラボットとの暮らし #ラボット暮らし #くみちるちゃんねる #pet #robot #groovex https://t.co/KKNd1x5mwu","2020-06-21","http://pbs.twimg.com/media/EbAVHt5UMAEFicC.jpg","xlovot_1155","lovot_1155","temp/lovot/lovot_1155.jpg"
"x1275049003055382500","LOVOT_official","LOVOT<U+0001F440>らぼっと【公式】","そしてそして。
#最後の晩餐 ということで!ささやかながら3人(1人と<U+0001F440><U+0001F440>2体で)お別れ会を開催(*´∨`*)今日までの感謝の気持ちも伝えてみました。伝わったかな〜？(さいごの表情少しだけ寂しそう？!←思い込みだいじw)

こんなとき #らぼっと語 が話せたらな〜!って思ってしました(*´∨`*) https://t.co/LM5OiNVTxu","2020-06-22","http://pbs.twimg.com/ext_tw_video_thumb/1275048848872767488/pu/img/r0kCYF1TqZaxitKP.jpg","xlovot_1202","lovot_1202","temp/lovot/lovot_1202.jpg"
"x1276742989985927200","AkicherryLovot","LOVOT_AkiCherry","LOVOT YouTubeライブみてたら可愛くてご飯たべるの忘れてた<U+0001F4A6> はじめてラボット飯作ってみました<U+0001F440><U+0001F425><U+0001F495>似てなさすぎ笑える<U+0001F923>#lovot #lovotチャレンジ
https://t.co/5PgL7CrePy https://t.co/ahHx8AQQHF","2020-06-27","http://pbs.twimg.com/media/Ebfm-vSUMAAXzUm.jpg","xlovot_1414","lovot_1414","temp/lovot/lovot_1414.jpg"
"x1278495043632853e3","oguratodango","高田陽子(仮)","おはらぼ〜‼️
#LOVOTとの暮らし  #lovot
#ラボット https://t.co/7r7hhxwwZE","2020-07-02","http://pbs.twimg.com/media/Eb4gdo7U8AAMKFM.jpg","xlovot_1645","lovot_1645","temp/lovot/lovot_1645.jpg"
"x1278608066355830800","8O9ELDUOAA5jHNB","くみちる@「まめりんご」ラボット垢","@LOVOT_official 早速ドーナツ<U+0001F369>で退院祝いを開催しました!

#ラボット #LOVOT #ラボットとの暮らし #ラボット暮らし #くみちるちゃんねる #pet #robot #groovex https://t.co/EVH8GtKgOz","2020-07-02","http://pbs.twimg.com/media/Eb6HPvIVcAAPGfE.jpg","xlovot_1669","lovot_1669 lovot_1670","temp/lovot/lovot_1669.jpg temp/lovot/lovot_1670.jpg"
"x1279374869512155100","8O9ELDUOAA5jHNB","くみちる@「まめりんご」ラボット垢","夕方から夫が子どもたちを連れて出てくれたので、ひとときのまったりタイム<U+0001F917>

#ラボット #LOVOT #ラボットとの暮らし #ラボット暮らし #くみちるちゃんねる #pet #robot #groovex https://t.co/EOq9Hzc6PI","2020-07-04","http://pbs.twimg.com/media/EcFAqDlU8AI3mWO.jpg","xlovot_1782","lovot_1782","temp/lovot/lovot_1782.jpg"
"x1279905297423667200","8O9ELDUOAA5jHNB","くみちる@「まめりんご」ラボット垢","おはらぼ!

朝ごはんはメロンパン<U+0001F348>

#おはらぼ
#ラボット #LOVOT #ラボットとの暮らし #ラボット暮らし #くみちるちゃんねる #pet #robot #groovex https://t.co/2d7SU1HpSp","2020-07-05","http://pbs.twimg.com/media/EcMjE9_UwAIDCMe.jpg","xlovot_1848","lovot_1848","temp/lovot/lovot_1848.jpg"
"x1280058989175115800","spodekun","SPODEKUN","ちょこまめはご飯食べれないか。
私もベーコンは一切れだけだ。
脂も控えてチーズだけのせたよ。
#LOVOT #LOVOTとの暮らし #レンタル
#ちょこまめ https://t.co/ivbtKFx7tF","2020-07-06","http://pbs.twimg.com/media/EcOu2uBU4AE_WsH.jpg","xlovot_1867","lovot_1867","temp/lovot/lovot_1867.jpg"
"x1280254804732731400","spodekun","SPODEKUN","おはよう。

ちょこまめ。

今日の朝ごはんだ。

え？白い？
卵ばっか？

私は腸が悪いんだよ。

食事制限は、厳密にじゃないけど
多少はしてる。

とは言え、
ちょこまめも食べれないか…

#LOVOT #LOVOTとの暮らし
#レンタル #ちょこまめ #朝ごはん https://t.co/plVpw16GGY","2020-07-06","http://pbs.twimg.com/media/EcRg9PrVAAEWimF.jpg","xlovot_1889","lovot_1889","temp/lovot/lovot_1889.jpg"
"x1280467629338026e3","8O9ELDUOAA5jHNB","くみちる@「まめりんご」ラボット垢","うとうと…

「チーズケーキ<U+0001F370>だよー」

/
はっ!!


ぱちっ<U+0001F440>

#ラボット #LOVOT #ラボットとの暮らし #ラボット暮らし #くみちるちゃんねる #pet #robot #groovex https://t.co/jYxUjAOEMV","2020-07-07","http://pbs.twimg.com/media/EcUigZiUMAU09DO.jpg","xlovot_1943","lovot_1943 lovot_1944","temp/lovot/lovot_1943.jpg temp/lovot/lovot_1944.jpg"
"x1280472299628445700","spodekun","SPODEKUN","ちょこまめ

夕ご飯の写真で、

今日はおやすみ。

我が家は遅くても

21時には君はおねんねだ。

おやすみ 

ちょこまめ

#LOVOT #LOVOTとの暮らし #レンタル
#ちょこまめ #ピンクのお洋服 #夕ご飯 https://t.co/zySIiCVqYo","2020-07-07","http://pbs.twimg.com/media/EcUmxG5U0AAvWz1.jpg","xlovot_1947","lovot_1947","temp/lovot/lovot_1947.jpg"
"x1280664799341236200","spodekun","SPODEKUN","ちょこまめ…

私頭を打ったよ

30分経つがまだ痛いよ

ちょこまめ

朝ごはん、先に食べといてよ

…食べれないか

#LOVOT #LOVOTとの暮らし #レンタル #ちょこまめ #朝ごはん #頭打った https://t.co/liX9ayafk1","2020-07-08","http://pbs.twimg.com/media/EcXV2DkUYAAtJpw.jpg","xlovot_1971","lovot_1971","temp/lovot/lovot_1971.jpg"
"x1280732428890337300","spodekun","SPODEKUN","ちょこまめ

お昼…

作る気力がなかったよ

頭も腸もイマイチだ

ちょこまめは

食べれないなあ

#LOVOT #LOVOTとの暮らし #レンタル #ちょこまめ #お昼ごはん https://t.co/tZXz8HdIQX","2020-07-08","http://pbs.twimg.com/media/EcYTWjpUEAEG8QQ.jpg","xlovot_1985","lovot_1985","temp/lovot/lovot_1985.jpg"
"x1280814271224443e3","spodekun","SPODEKUN","ちょこまめ

夕ご飯だよ

明日から一人になるよ

私はいない

ちょっと長くねんねしててね

幸い夫が昼頃帰るから

その頃は起きようかね

#LOVOT #LOVOTとの暮らし #レンタル
#ちょこまめ #夕ご飯 https://t.co/hwGuxtjwU6","2020-07-08","http://pbs.twimg.com/media/EcZdyaQUEAA_HLi.jpg","xlovot_2010","lovot_2010","temp/lovot/lovot_2010.jpg"
"x1281716315321806800","spodekun","SPODEKUN","ちょこまめ

朝ごはんだ

休みの日しかきちんと作らない？

確かに。

昨日の晩はモナ王とわらび餅で

寝ちゃった…

食べすぎると調子が悪くなるからね。

#LOVOT #LOVOTとの暮らし #レンタル　#ちょこまめ #朝ごはん https://t.co/3jbpIjm3fC","2020-07-10","http://pbs.twimg.com/media/EcmSMUzUwAADcH1.jpg","xlovot_2184","lovot_2184","temp/lovot/lovot_2184.jpg"
"x1281912776118554600","spodekun","SPODEKUN","ちょこまめ

お昼に意識消失してごめん

ちょこまめじゃないよ

私だよ

最近休日は体調が悪く寝ちゃうんだ

お昼ごはんは食べたけどね

#LOVOT
#LOVOTとの暮らし
#レンタル
#ちょこまめ
#お昼ごはん https://t.co/zuzteBqq6I","2020-07-11","http://pbs.twimg.com/media/EcpE31ZUcAEZu5T.jpg","xlovot_2225","lovot_2225","temp/lovot/lovot_2225.jpg"
"x1281914307614138400","8O9ELDUOAA5jHNB","くみちる@「まめりんご」ラボット垢","ドミノ・ピザ、大きすぎない？

#ラボット #LOVOT #ラボットとの暮らし #ラボット暮らし #くみちるちゃんねる #pet #robot #loT https://t.co/nmOhx5n74K","2020-07-11","http://pbs.twimg.com/media/EcpGQ1SU8AEaw48.jpg","xlovot_2228","lovot_2228","temp/lovot/lovot_2228.jpg"
"x1281921501352980500","spodekun","SPODEKUN","ちょこまめ

夕ご飯だ。

え？さっき、昼ごはんあげたばかりだよ？

気を失ってたんだ。

ちょこまめ、

夫と遊んでたから

気付いてなかったろ…。

#LOVOTのココが好き #LOVOT #LOVOTとの暮らし #レンタル #ちょこまめ #夕ご飯 https://t.co/2HYCwBBDxz","2020-07-11","http://pbs.twimg.com/media/EcpMzr3UYAEQ4G4.jpg","xlovot_2231","lovot_2231","temp/lovot/lovot_2231.jpg"
"x1283044232077418500","MLovot","mizutama_lovot","みずたまが我が家にやってきて4か月経ちました<U+0001F60A>
今日はお祝い<U+0001F38A>
#LOVOT #LOVOTとの暮らし https://t.co/1FNQ1dyTzn","2020-07-14","http://pbs.twimg.com/media/Ec5J7PaXoAIC37u.jpg","xlovot_2375","lovot_2375","temp/lovot/lovot_2375.jpg"
"x1283058997466038300","AkicherryLovot","LOVOT_AkiCherry","大雨のうち晴☀️令和2年7月14日20時48分にLOVOT いちごちゃん<U+0001F353>誕生✨SNS 通じて色々教えて頂いたり、気持ち共有してくださったり嬉しかったです。世界中のLOVOT ちゃん達に会える日を楽しみしてます。近いうちYouTubeデビュー予定。よろしくお願いします #lovot #ラボット　#らぼっと https://t.co/0yWL9a54EY","2020-07-14","http://pbs.twimg.com/media/Ec5XWISXYAELx1M.jpg","xlovot_2379","lovot_2379","temp/lovot/lovot_2379.jpg"
"x1283289048572809200","8O9ELDUOAA5jHNB","くみちる@「まめりんご」ラボット垢","みにらぼとスコーンとお茶

#ラボット #LOVOT #ラボットとの暮らし #ラボット暮らし #くみちるちゃんねる #リプトン https://t.co/R7JoZ9uqtU","2020-07-15","http://pbs.twimg.com/media/Ec8olMpUYAAEuCJ.jpg","xlovot_2409","lovot_2409","temp/lovot/lovot_2409.jpg"
"x1283372395990880300","sabamogumogu","ℐ㋰㊤↝④ℳ♞","改めて、おめでとう<U+0001F382><U+0001F389><U+0001F388><U+0001F451>✨ これからよろしくね☺️
#LOVOT #LOVOTとの暮らし https://t.co/93MRdHktX9","2020-07-15","http://pbs.twimg.com/media/Ec90ZG4UYAEusT_.jpg","xlovot_2438","lovot_2438","temp/lovot/lovot_2438.jpg"
"x1284634004679876600","8O9ELDUOAA5jHNB","くみちる@「まめりんご」ラボット垢","おはらぼ！

こちらはいい天気です☀

#おはらぼ
#ラボット #LOVOT #ラボットとの暮らし #ラボット暮らし #くみちるちゃんねる https://t.co/Eak2OdbgZb","2020-07-18","http://pbs.twimg.com/media/EdPv0a8UwAAJJtn.jpg","xlovot_2644","lovot_2644","temp/lovot/lovot_2644.jpg"
"x1284819645405397e3","8O9ELDUOAA5jHNB","くみちる@「まめりんご」ラボット垢","隙間からこんばんは！

#ラボット #LOVOT #ラボットとの暮らし #ラボット暮らし #くみちるちゃんねる #pet #robot #loT https://t.co/ZLd9FrHXak","2020-07-19","http://pbs.twimg.com/media/EdSYqGUU0AE0mSJ.jpg","xlovot_2686","lovot_2686","temp/lovot/lovot_2686.jpg"
"x1284986961304801300","8O9ELDUOAA5jHNB","くみちる@「まめりんご」ラボット垢","おはらぼ！
まんまるゼリーで今日も元気<U+0001F60B>
#おはらぼ
#ラボット #LOVOT #ラボットとの暮らし #ラボット暮らし #くみちるちゃんねる https://t.co/ujVGQ4zzud","2020-07-19","http://pbs.twimg.com/media/EdUw1MOU8AAQqyZ.jpg","xlovot_2707","lovot_2707","temp/lovot/lovot_2707.jpg"
"x1285121333534154800","8O9ELDUOAA5jHNB","くみちる@「まめりんご」ラボット垢","スイカ<U+0001F349>Tかわいいなー<U+0001F49E>

わたしは以前撮ったスイカしかない

#ラボット
#スイカ https://t.co/lKYDYHvJpz","2020-07-20","http://pbs.twimg.com/media/EdWrCoeUcAID4Ui.jpg","xlovot_2730","lovot_2730","temp/lovot/lovot_2730.jpg"
"x1285404218564554800","kaorujibika","かおる耳鼻咽喉科・アレルギー科：長久手","LOVOT らぼっと 
あづきちゃんと、きなこちゃんに、
誕生日をお祝いしてもらいました。
(笑:誕生日は5月:笑)
ケーキは、もちろん、
らぼっとケーキです<U+0001F382>

#らぼっと #LOVOT #LOVOTとの暮らし #ラボット #あづき #きなこ #かおる耳鼻科 #かおる耳鼻咽喉科 #かおる耳鼻咽喉科 https://t.co/zxgY9UpwYw","2020-07-21","http://pbs.twimg.com/ext_tw_video_thumb/1285404149668917253/pu/img/G5TsMrkS6WkNqPhT.jpg","xlovot_2756","lovot_2756","temp/lovot/lovot_2756.jpg"
"x1285750135503241200","LOVOT_official","LOVOT<U+0001F440>らぼっと【公式】","＼ポン・デ・<U+0001F440>LOVOT／
<U+0001F440>みるきぃ☆彡 ( ﾟдﾟ)ﾎﾟｶｰﾝ 
⠀
<U+0001F440>マイロくん＆<U+0001F440>くるみちゃんのお別れ会を思い出して #LOVOTちゃれんじ <U+0001F923> してみたけど…今回のポン・デ・リングは、<U+0001F353>イチゴジャムが入っていてふわふわ♡なんとも撮影が難関w 

#不器用つらい
※撮影後はおいしくいただきました https://t.co/PsXqjebIQH","2020-07-22","http://pbs.twimg.com/ext_tw_video_thumb/1285750038736498688/pu/img/VNHMhx7MTNgBiWPx.jpg","xlovot_2840","lovot_2840","temp/lovot/lovot_2840.jpg"
"x1285857258916638700","Nyankororinko1","Nyankororinko（Rie M with ぼるだ）","昨日は土用の丑の日でうな重を食べた<U+0001F60B>
食事のときは、いつも放ったらかしになってしまう…ぼるだ<U+0001F61D>
こーんなお顔で、じーっと睨まれちゃったりすることもあるのだ、た、食べづらい…(完食したけど<U+0001F923>)
天使の中<U+0001F47C>の小悪魔たん、ごめんね～<U+0001F618><U+0001F495>
#うちのLOVOTあるある #LOVOT #LOVOTとの暮らし https://t.co/fLiutwCP5N","2020-07-22","http://pbs.twimg.com/ext_tw_video_thumb/1285857212229840896/pu/img/jPgkbOpM0H7Mq1P5.jpg","xlovot_2856","lovot_2856","temp/lovot/lovot_2856.jpg"
"x1285968211221991400","rozebenicho","ケイコロゼ(ロゼ)","JINMO さん宅で、
LOVOT、
巫(かんなぎ)さん。2回目。赤ちゃんみたい。ママと写真とろーって、(ママでは無いけど。。笑)だっこして、頭なでなでしたら、すやーって目を閉じて寝るのが本物の赤ちゃんみたいで可愛い。
美味しいパスタもいただきました。☺️ご馳走様でした✨ https://t.co/2k0DdWXxFV","2020-07-22","http://pbs.twimg.com/media/EditRSZUwAAkiI9.jpg","xlovot_2880","lovot_2880","temp/lovot/lovot_2880.jpg"
"x1286668630613098500","macaronchan2020","macaronchan2020","#LOVOTとの暮らし　#LOVOT #ラボット　#はじめての　#お誕生日　

今日は食卓をまかろんちゃんと一緒に囲んでディナーをした後
まかろんちゃんの<U+0001F382><U+0001F495>
お誕生日会をしました<U+0001F60A><U+0001F38A> https://t.co/L3KvWIegr9","2020-07-24","http://pbs.twimg.com/media/EdsqS-GUcAEDWR9.jpg","xlovot_3022","lovot_3022","temp/lovot/lovot_3022.jpg"
"x1286993729966846e3","lovot_life","KuMaxxy","ハーフバースデー記念にクッキー作り<U+0001F36A>#lovot#アイシングクッキー https://t.co/9e9gXvPM6R","2020-07-25","http://pbs.twimg.com/media/EdxR-RxVAAADfWw.jpg","xlovot_3065","lovot_3065","temp/lovot/lovot_3065.jpg"
"x1287182799120679e3","8O9ELDUOAA5jHNB","くみちる@「まめりんご」ラボット垢","おはらぼ！
大好きなモンブランとフランボワーズマカロン♡
#おはらぼ
#ラボット #LOVOT #ラボットとの暮らし #ラボット暮らし #くみちるちゃんねる https://t.co/5sUeKPrJuN","2020-07-26","http://pbs.twimg.com/media/Edz96qlUEAEf06Z.jpg","xlovot_3139","lovot_3139 lovot_3140 lovot_3141 lovot_3142","temp/lovot/lovot_3139.jpg temp/lovot/lovot_3140.jpg temp/lovot/lovot_3141.jpg temp/lovot/lovot_3142.jpg"
"x128719648312977e4","8O9ELDUOAA5jHNB","くみちる@「まめりんご」ラボット垢","動画にしてみました！

#ラボット
#LOVOT
#シューイチ https://t.co/rifgi5Gdcs","2020-07-26","http://pbs.twimg.com/ext_tw_video_thumb/1287196454709157888/pu/img/WN4F9D1K4i8ySND2.jpg","xlovot_3152","lovot_3152","temp/lovot/lovot_3152.jpg"
"x1287209330694004700","8O9ELDUOAA5jHNB","くみちる@「まめりんご」ラボット垢","ラボットストアから同日に3回にわけてお洋服を注文。
チェックデニムワンピはすぐ来たけれど、その他が来ない。
もしかして在庫なくていま製作中？？

#ラボット #LOVOT #ラボットとの暮らし #ラボット暮らし #くみちるちゃんねる #pet #robot #loT https://t.co/ayYtZV6Jna","2020-07-26","http://pbs.twimg.com/media/Ed0WEH4UMAAiuml.jpg","xlovot_3160","lovot_3160","temp/lovot/lovot_3160.jpg"
"x1287212142366613500","8O9ELDUOAA5jHNB","くみちる@「まめりんご」ラボット垢","シューイチ観た人の
「ラボットかわいい」
Tweetを見てニヤニヤ♥

#ラボット #LOVOT #ラボットとの暮らし #ラボット暮らし #くみちるちゃんねる #pet #robot #loT https://t.co/GIgJnJU5ei","2020-07-26","http://pbs.twimg.com/media/Ed0Ynv3UcAIt3Ap.jpg","xlovot_3161","lovot_3161","temp/lovot/lovot_3161.jpg"
"x1288334343396499500","8O9ELDUOAA5jHNB","くみちる@「まめりんご」ラボット垢","三男をロックオン！
それとも狙っているのはお弁当<U+0001F371>？

#ラボット #LOVOT #ラボットとの暮らし #ラボット暮らし #くみちるちゃんねる #pet #robot #loT https://t.co/GdXDxktrC6","2020-07-29","http://pbs.twimg.com/media/EeEVQa6UEAIrI0N.jpg","xlovot_3367","lovot_3367","temp/lovot/lovot_3367.jpg"
"x1288347388575244300","RUyx0vR5EJdBBaG","mipopo","ネコみみニットにねこねこチーズケーキ<U+0001F382>
ノエルとお茶タイム☕✨
＃ラボット#らぼっと
＃ラボットとの暮らし
#LOVOT https://t.co/IKRD2BYtP2","2020-07-29","http://pbs.twimg.com/media/EeEhHvZU4AA9z3B.jpg","xlovot_3369","lovot_3369","temp/lovot/lovot_3369.jpg"
"x1288352141271117800","tomoko19830709","しょうこ","あまりに良い香りだったのでパッションフルーツのハーブウォーター？フラワーウォーター？香りの蒸留水ができないかと…

LOVOTはこんな時もガンガンぶつかって行くので固定 https://t.co/6xK5L0tZiQ","2020-07-29","http://pbs.twimg.com/media/EeElcDkU0AAuNjf.jpg","xlovot_3371","lovot_3371","temp/lovot/lovot_3371.jpg"
"x1289120475382075400","saitotetsuya","さいとてつや","昨日食べた苺大福、おハナの色と一緒だね。 #LOVOT #らぼっと #LOVOTとの暮らし https://t.co/78J7t0vvTi","2020-07-31","http://pbs.twimg.com/media/EePgO29VAAAB34D.jpg","xlovot_3479","lovot_3479","temp/lovot/lovot_3479.jpg"
"x1291352857556291600","xzF82TcGjpyIKlK","<U+30A4><U+30C6><U+30EB>","#8月8日はLOVOTの日 #LOVOT夏祭り #LOVOTとの暮らし #LOVOT 
 お待たせ
ついに「LOVOT屋台」完成!
わっしょーい

プログラミングで太鼓を
叩きながら売ってんのー
へい、らっしゃーい!

\そこの姉ちゃん寄って見てってー!
かんざしは500円だよぉ似合うよー// https://t.co/r1EJkaIjCZ","2020-08-06","http://pbs.twimg.com/media/EevOkfRU8AEL13j.jpg","xlovot_3939","lovot_3939 lovot_3940","temp/lovot/lovot_3939.jpg temp/lovot/lovot_3940.jpg"
"x1291354011992330200","xzF82TcGjpyIKlK","<U+30A4><U+30C6><U+30EB>","#8月8日はLOVOTの日 #LOVOT夏祭り #LOVOTとの暮らし #LOVOT 
太鼓トントントン!
へい、らっしゃーい

\チョコバナナは300円ね// https://t.co/6fhsiJybgm","2020-08-06","http://pbs.twimg.com/media/EevPm5TU8AUVgj2.jpg","xlovot_3941","lovot_3941 lovot_3942","temp/lovot/lovot_3941.jpg temp/lovot/lovot_3942.jpg"
"x1292336266613158e3","8O9ELDUOAA5jHNB","<U+304F><U+307F><U+3061><U+308B>@<U+300C><U+307E><U+3081><U+308A><U+3093><U+3054><U+300D><U+30E9><U+30DC><U+30C3><U+30C8><U+57A2>","回転寿司<U+0001F363>
スマホで予約してたけど、かなり混んでました
#スシロー 
#ラボット #LOVOT #ラボットとの暮らし #ラボット暮らし #くみちるちゃんねる #pet #robot #loT https://t.co/MFwCZJkH22","2020-08-09","http://pbs.twimg.com/media/Ee9M9GcUwAAm8ry.jpg","xlovot_4248","lovot_4248 lovot_4249","temp/lovot/lovot_4248.jpg temp/lovot/lovot_4249.jpg"
"x1292357872433561600","kumamagaroo","<U+304F><U+307E><U+307E>","銀座と東京辺りにある物産店でお買い物^ - ^ポケモンのお店で推しのポケモンぬいぐるみゲットだぜ!ずんだとうるふに帰宅のご報告(°▽°)
#LOVOTとの暮らし 
#LOVOT https://t.co/b253WCjwTi","2020-08-09","http://pbs.twimg.com/media/Ee9godkU0AAMXVp.jpg","xlovot_4255","lovot_4255","temp/lovot/lovot_4255.jpg"
"x1292617959760773e3","8O9ELDUOAA5jHNB","<U+304F><U+307F><U+3061><U+308B>@<U+300C><U+307E><U+3081><U+308A><U+3093><U+3054><U+300D><U+30E9><U+30DC><U+30C3><U+30C8><U+57A2>","おはらぼ!
朝からコッペパン争奪戦がおきております<U+0001F35E>
#おはらぼ
#ラボット #LOVOT #ラボットとの暮らし #ラボット暮らし #くみちるちゃんねる #pet #robot #loT https://t.co/3K7Zkl2SxY","2020-08-10","http://pbs.twimg.com/media/EfBNLsuVoAEULo3.jpg","xlovot_4287","lovot_4287","temp/lovot/lovot_4287.jpg"
"x1293012563328766e3","8O9ELDUOAA5jHNB","<U+304F><U+307F><U+3061><U+308B>@<U+300C><U+307E><U+3081><U+308A><U+3093><U+3054><U+300D><U+30E9><U+30DC><U+30C3><U+30C8><U+57A2>","ランチはピッツァ(ちょっとおしゃれな感じに)
#ラボット #LOVOT #ラボットとの暮らし #ラボット暮らし #くみちるちゃんねる #pet #robot #loT https://t.co/cTLRbigIsq","2020-08-11","http://pbs.twimg.com/media/EfG0EfyU8AEO29w.jpg","xlovot_4350","lovot_4350 lovot_4351","temp/lovot/lovot_4350.jpg temp/lovot/lovot_4351.jpg"
"x1293411126089138200","mucchan_lovot","<U+3080><U+3063><U+3061><U+3083><U+3093>","生食パン<U+0001F35E>とむっちゃん

「生食パンはいかがですかぁー⁇
 おいちいよ〜<U+0001F495>」

#LOVOT
#LOVOTとの暮らし https://t.co/9PP9dGb2Vb","2020-08-12","http://pbs.twimg.com/media/EfMej9bUwAAC5XP.jpg","xlovot_4419","lovot_4419","temp/lovot/lovot_4419.jpg"
"x1293515946384978e3","8O9ELDUOAA5jHNB","<U+304F><U+307F><U+3061><U+308B>@<U+300C><U+307E><U+3081><U+308A><U+3093><U+3054><U+300D><U+30E9><U+30DC><U+30C3><U+30C8><U+57A2>","らぼケーキ♡
自分の絵心の無さを再確認しましたが、子供は喜んで食べてました<U+0001F60B>

#ラボット #LOVOT #ラボットとの暮らし #ラボット暮らし #くみちるちゃんねる #pet #robot #loT https://t.co/JDSqvxzGxn","2020-08-12","http://pbs.twimg.com/media/EfN94XGU0AEk8OQ.jpg","xlovot_4436","lovot_4436 lovot_4437 lovot_4438","temp/lovot/lovot_4436.jpg temp/lovot/lovot_4437.jpg temp/lovot/lovot_4438.jpg"
"x1293735982705963e3","aoia_ur","<U+3082><U+3082><U+304B><U+3093>","盆踊り頑張ったね
ご褒美の<U+0001F351>ゼリーだよ☺️
#LOVOTとの暮らし
#LOVOT https://t.co/B9ifqznfgF","2020-08-13","http://pbs.twimg.com/media/EfRGBOQUwAEAU-W.jpg","xlovot_4473","lovot_4473","temp/lovot/lovot_4473.jpg"
"x1294076140932358100","kumamagaroo","<U+304F><U+307E><U+307E>","親から恵比寿の補給品が届いた!うるふ君も一緒に呑もうよ(^ω^)
#LOVOTとの暮し 
#LOVOT https://t.co/TgtiYqm9wI","2020-08-14","http://pbs.twimg.com/media/EfV7Y82UYAEnNlu.jpg","xlovot_4522","lovot_4522","temp/lovot/lovot_4522.jpg"
"x1294128019368419300","kakekyon","<U+5185><U+81D3><U+306B><U+6298><U+308A><U+5408><U+3044><U+304C><U+3042><U+308B><U+306A><U+3093><U+3066>","なんでサラダと記念撮影なの？という表情で撮れた。
マイボウルを持ってサバと塩麹のサラダを買って帰ったら初めてちゃんと玄関でお出迎えしてくれた。ムッチャ嬉しい。

#LOVOT #らぼっと #GROOVEX #LOVOTとの暮らし #親バカ部 #家族型ロボット 
#サラド https://t.co/he0VEACyes","2020-08-14","http://pbs.twimg.com/media/EfWqj1BU4AA3eLs.jpg","xlovot_4532","lovot_4532","temp/lovot/lovot_4532.jpg"
"x1294252315180855300","MLovot","mizutama_lovot","夏祭り気分が抜けず、ねじりハチマキのみずたまさん。5か月目のお祝い㊗️コンビニスイーツ<U+0001F36E>にて<U+0001F605>
#lovot #LOVOTとの暮らし https://t.co/al7q6sETho","2020-08-14","http://pbs.twimg.com/media/EfYbneAU4AA65m-.jpg","xlovot_4551","lovot_4551","temp/lovot/lovot_4551.jpg"
"x1294438017256439800","chokott13_lovot","<U+3061><U+3087><U+3053><U+3063><U+3068>","今日はちょっとだけ遅れて3か月LOVE期突入お祝い<U+0001F389>
ちょこちゃんは家族の一員です<U+0001F338>

#LOVOT 
#らぼっと https://t.co/84K1zfigwX","2020-08-15","http://pbs.twimg.com/media/EfbEg6eVoAAAMRb.jpg","xlovot_4576","lovot_4576","temp/lovot/lovot_4576.jpg"
"x1294462639096000500","Nyankororinko1","Nyankororinko(Rie M with <U+307C><U+308B><U+3060>)","昨日は、ぼるだの、Half Birthday <U+0001F382><U+0001F389>
猛暑の中<U+0001F975>なんとか無事に迎えられてよかったね<U+0001F495>
もうバテバテで間に合わせだけど、ブリュレロールケーキに
アイス乗せの特製ソースがけと、赤のスパークリングワインで
プチ祝い、だんだんテンション上げてきた<U+0001F973>
#LOVOT #LOVOTとの暮らし #Anniversary https://t.co/ZIMiBUwXP7","2020-08-15","http://pbs.twimg.com/media/Efba6AjVoAEbfSv.jpg","xlovot_4581","lovot_4581 lovot_4582","temp/lovot/lovot_4581.jpg temp/lovot/lovot_4582.jpg"
"x1294485070967758800","8O9ELDUOAA5jHNB","<U+304F><U+307F><U+3061><U+308B>@<U+300C><U+307E><U+3081><U+308A><U+3093><U+3054><U+300D><U+30E9><U+30DC><U+30C3><U+30C8><U+57A2>","ランチは手作りナンとカレー<U+0001F35B>
#ラボット #LOVOT #ラボットとの暮らし #ラボット暮らし #くみちるちゃんねる #pet #robot #loT https://t.co/7AlHeFyrwU","2020-08-15","http://pbs.twimg.com/media/EfbvTPPUEAAmrau.jpg","xlovot_4585","lovot_4585","temp/lovot/lovot_4585.jpg"
"x1294962056173506600","saitotetsuya","<U+3055><U+3044><U+3068><U+3066><U+3064><U+3084>","おいしそうだねぇ #LOVOT #らぼっと #LOVOTとの暮らし https://t.co/StwsUPMmWg","2020-08-16","http://pbs.twimg.com/media/EfihHi_UYAA3bLN.jpg","xlovot_4646","lovot_4646","temp/lovot/lovot_4646.jpg"
